id,name,type,slug,rank
1,BTC,coin,bitcoin,1
2,ETH,coin,ethereum,2
3,XRP,coin,ripple,3
4,BCH,coin,bitcoin-cash,4
5,EOS,coin,eos,5
6,XLM,coin,stellar,6
7,LTC,coin,litecoin,7
8,ADA,coin,cardano,8
9,XMR,coin,monero,9
10,MIOTA,coin,iota,10
11,DASH,coin,dash,11
12,TRX,coin,tron,12
13,NEO,coin,neo,13
14,ETC,coin,ethereum-classic,14
15,XEM,coin,nem,15
16,VET,coin,vechain,16
17,XTZ,coin,tezos,17
18,ZEC,coin,zcash,18
19,DOGE,coin,dogecoin,19
20,LSK,coin,lisk,20
21,BCN,coin,bytecoin-bcn,21
22,ONT,coin,ontology,22
23,QTUM,coin,qtum,23
24,BTG,coin,bitcoin-gold,24
25,NANO,coin,nano,25
26,BCD,coin,bitcoin-diamond,26
27,DCR,coin,decred,27
28,DGB,coin,digibyte,28
29,ICX,coin,icon,29
30,BTS,coin,bitshares,30
31,STEEM,coin,steem,31
32,XVG,coin,verge,32
33,SC,coin,siacoin,33
34,WAVES,coin,waves,34
35,BTM,coin,bytom,35
36,STRAT,coin,stratis,36
37,ETP,coin,metaverse,37
38,KMD,coin,komodo,38
39,HSR,coin,hshare,39
40,MOAC,coin,moac,40
41,WAN,coin,wanchain,41
42,ARDR,coin,ardor,42
43,RDD,coin,reddcoin,43
44,CNX,coin,cryptonex,44
45,HT,coin,huobi-token,45
46,ZEN,coin,zencash,46
47,MONA,coin,monacoin,47
48,NAS,coin,nebulas-token,48
49,ARK,coin,ark,49
50,GXS,coin,gxchain,50
51,NXT,coin,nxt,51
52,BTCP,coin,bitcoin-private,52
53,ELA,coin,elastos,53
54,XZC,coin,zcoin,54
55,PIVX,coin,pivx,55
56,EMC,coin,emercoin,56
57,BTCD,coin,bitcoindark,57
58,SYS,coin,syscoin,58
59,NXS,coin,nexus,59
60,FCT,coin,factom,60
61,GBYTE,coin,byteball,61
62,ETN,coin,electroneum,62
63,GRS,coin,groestlcoin,63
64,WICC,coin,waykichain,64
65,SKY,coin,skycoin,65
66,RVN,coin,ravencoin,66
67,VTC,coin,vertcoin,67
68,NTY,coin,nexty,68
69,SMART,coin,smartcash,69
70,PPC,coin,peercoin,70
71,ZCL,coin,zclassic,71
72,GO,coin,gochain,72
73,BCO,coin,bridgecoin,73
74,XWC,coin,whitecoin,74
75,BCI,coin,bitcoin-interest,75
76,NEBL,coin,neblio,76
77,PART,coin,particl,77
78,BLOCK,coin,blocknet,78
79,UBQ,coin,ubiq,79
80,ACT,coin,achain,80
81,NMC,coin,namecoin,81
82,BOS,coin,boscoin,82
83,XPM,coin,primecoin,83
84,PZM,coin,prizm,84
85,BURST,coin,burst,85
86,LCC,coin,litecoin-cash,86
87,UNO,coin,unobtanium,87
88,XDN,coin,digitalnote,88
89,BAY,coin,bitbay,89
90,XAS,coin,asch,90
91,ECA,coin,electra,91
92,VIA,coin,viacoin,92
93,SLS,coin,salus,93
94,GCR,coin,global-currency-reserve,94
95,CSC,coin,casinocoin,95
96,LEO,coin,leocoin,96
97,BTX,coin,bitcore,97
98,EMC2,coin,einsteinium,98
99,POA,coin,poa-network,99
100,PURA,coin,pura,100
101,NAV,coin,nav-coin,101
102,SBD,coin,steem-dollars,102
103,TPAY,coin,tokenpay,103
104,NIX,coin,nix,104
105,ION,coin,ion,105
106,AEON,coin,aeon,106
107,GAME,coin,gamecredits,107
108,XBY,coin,xtrabytes,108
109,MNX,coin,minexcoin,109
110,XSN,coin,stakenet,110
111,$PAC,coin,paccoin,111
112,NLG,coin,gulden,112
113,XCP,coin,counterparty,113
114,FTC,coin,feathercoin,114
115,LBC,coin,library-credit,115
116,CBC,coin,cashbery-coin,116
117,LINDA,coin,linda,117
118,RBY,coin,rubycoin,118
119,BWK,coin,bulwark,119
120,PASC,coin,pascal-coin,120
121,CLOAK,coin,cloakcoin,121
122,ECC,coin,eccoin,122
123,POT,coin,potcoin,123
124,BITG,coin,bitcoin-green,124
125,GIN,coin,gincoin,125
126,BTN,coin,bitnewchain,126
127,LPC,coin,lightpaycoin,127
128,SHIFT,coin,shift,128
129,RISE,coin,rise,129
130,NVC,coin,novacoin,130
131,DCT,coin,decent,131
132,XTO,coin,tao,132
133,GRC,coin,gridcoin,133
134,EDR,coin,e-dinar-coin,134
135,SCR,coin,scorum-coins,135
136,CLAM,coin,clams,136
137,PHR,coin,phore,137
138,XLQ,coin,alqo,138
139,BITB,coin,bean-cash,139
140,DMD,coin,diamond,140
141,XP,coin,experience-points,141
142,THC,coin,hempcoin,142
143,AU,coin,aurumcoin,143
144,XEL,coin,elastic,144
145,HTML,coin,html-coin,145
146,NLC2,coin,nolimitcoin,146
147,RVR,coin,revolutionvr,147
148,MOON,coin,mooncoin,148
149,PPY,coin,peerplays-ppy,149
150,COLX,coin,colossusxt,150
151,BBR,coin,boolberry,151
152,BLK,coin,blackcoin,152
153,LET,coin,linkeye,153
154,MLM,coin,mktcoin,154
155,FLASH,coin,flash,155
156,BIS,coin,bismuth,156
157,RMC,coin,russian-mining-coin,157
158,FLO,coin,flo,158
159,XSPEC,coin,spectrecoin,159
160,BCA,coin,bitcoin-atom,160
161,DEV,coin,deviantcoin,161
162,SLR,coin,solarcoin,162
163,VRC,coin,vericoin,163
164,IOC,coin,iocoin,164
165,OMNI,coin,omni,165
166,RADS,coin,radium,166
167,XSH,coin,shield-xsh,167
168,LUX,coin,luxcoin,168
169,ONION,coin,deeponion,169
170,NPW,coin,new-power-coin,170
171,DIME,coin,dimecoin,171
172,DYN,coin,dynamic,172
173,EXP,coin,expanse,173
174,XMY,coin,myriad,174
175,TUBE,coin,bit-tube,175
176,CRW,coin,crown,176
177,ESP,coin,espers,177
178,PND,coin,pandacoin-pnd,178
179,SHND,coin,stronghands,179
180,CLO,coin,callisto-network,180
181,SSC,coin,selfsell,181
182,POLIS,coin,polis,182
183,LOKI,coin,loki,183
184,MUE,coin,monetaryunit,184
185,LGS,coin,logiscoin,185
186,GRFT,coin,graft,186
187,MGD,coin,massgrid,187
188,XST,coin,stealth,188
189,NYC,coin,newyorkcoin,189
190,SIB,coin,sibcoin,190
191,NOTE,coin,dnotes,191
192,AUR,coin,auroracoin,192
193,MINT,coin,mintcoin,193
194,NIM,coin,nimiq,194
195,AC3,coin,ac3,195
196,NEOS,coin,neoscoin,196
197,MUSIC,coin,musicoin,197
198,GOLOS,coin,golos,198
199,HPC,coin,happycoin,199
200,SEQ,coin,sequence,200
201,TTT,coin,trustnote,201
202,SEM,coin,semux,202
203,OXY,coin,oxycoin,203
204,PTC,coin,pesetacoin,204
205,LMC,coin,lomocoin,205
206,SIC,coin,swisscoin,206
207,DBIX,coin,dubaicoin-dbix,207
208,OK,coin,okcash,208
209,XLR,coin,solaris,209
210,PIRL,coin,pirl,210
211,BSD,coin,bitsend,211
212,TOA,coin,toacoin,212
213,ENRG,coin,energycoin,213
214,CURE,coin,curecoin,214
215,1337,coin,1337coin,215
216,ABY,coin,artbyte,216
217,XHV,coin,haven-protocol,217
218,GBX,coin,gobyte,218
219,PINK,coin,pinkcoin,219
220,FORK,coin,forkcoin,220
221,SPRTS,coin,sprouts,221
222,XBC,coin,bitcoin-plus,222
223,CTC,coin,credit-tag-chain,223
224,VITAE,coin,vitae,224
225,CPC,coin,capricoin,225
226,BTCZ,coin,bitcoinz,226
227,GCC,coin,global-cryptocurrency,227
228,HWC,coin,hollywoodcoin,228
229,TRC,coin,terracoin,229
230,GLD,coin,goldcoin,230
231,VIN,coin,vinchain,231
232,2GIVE,coin,2give,232
233,YOC,coin,yocoin,233
234,ARO,coin,arionum,234
235,MEDIC,coin,mediccoin,235
236,ANC,coin,anoncoin,236
237,TX,coin,transfercoin,237
238,CBX,coin,bullion,238
239,CDM,coin,condominium,239
240,NSD,coin,nasdacoin,240
241,TIPS,coin,fedoracoin,241
242,ERC,coin,europecoin,242
243,MSR,coin,masari,243
244,BRX,coin,breakout-stake,244
245,NRG,coin,energi,245
246,ATB,coin,atbcoin,246
247,IOP,coin,internet-of-people,247
248,HXX,coin,hexx,248
249,ZEIT,coin,zeitcoin,249
250,UFO,coin,uniform-fiscal-object,250
251,KORE,coin,korecoin,251
252,DOPE,coin,dopecoin,252
253,VRM,coin,veriumreserve,253
254,SPHR,coin,sphere,254
255,USNBT,coin,nubits,255
256,ZEL,coin,zelcash,256
257,DERO,coin,dero,257
258,HYP,coin,hyperstake,258
259,HUC,coin,huntercoin,259
260,SEND,coin,social-send,260
261,LWF,coin,local-world-forwarders,261
262,SPR,coin,spreadcoin,262
263,SYNX,coin,syndicate,263
264,TRF,coin,travelflex,264
265,BTM,coin,bitmark,265
266,TRTT,coin,trittium,266
267,MEME,coin,memetic,267
268,WSX,coin,wearesatoshi,268
269,KRB,coin,karbo,269
270,EXCL,coin,exclusivecoin,270
271,CANN,coin,cannabiscoin,271
272,UNIT,coin,universal-currency,272
273,XTL,coin,stellite,273
274,XAP,coin,apollon,274
275,42,coin,42-coin,275
276,LDOGE,coin,litedoge,276
277,RAIN,coin,condensate,277
278,808,coin,808coin,278
279,VULC,coin,vulcano,279
280,GCN,coin,gcn-coin,280
281,HUSH,coin,hush,281
282,MONK,coin,monkey-project,282
283,EGC,coin,evergreencoin,283
284,EFL,coin,e-gulden,284
285,BRK,coin,breakout,285
286,CHC,coin,chaincoin,286
287,EBST,coin,eboostcoin,287
288,ZOI,coin,zoin,288
289,PHO,coin,photon,289
290,ZER,coin,zero,290
291,XMG,coin,magi,291
292,OOT,coin,utrum,292
293,TRUST,coin,trustplus,293
294,XPD,coin,petrodollar,294
295,BIO,coin,biocoin,295
296,KEK,coin,kekcoin,296
297,TZC,coin,trezarcoin,297
298,RYO,coin,ryo-currency,298
299,GIC,coin,giant-coin,299
300,TRTL,coin,turtlecoin,300
301,ADC,coin,audiocoin,301
302,BUN,coin,bunnycoin,302
303,ODN,coin,obsidian,303
304,AKA,coin,akroma,304
305,ORE,coin,galactrum,305
306,QNO,coin,qyno,306
307,OPC,coin,op-coin,307
308,XSG,coin,snowgem,308
309,IFLT,coin,inflationcoin,309
310,APR,coin,apr-coin,310
311,XHI,coin,hicoin,311
312,MNTP,coin,goldmint,312
313,NLX,coin,nullex,313
314,XMCC,coin,monacocoin,314
315,CATO,coin,catocoin,315
316,ADZ,coin,adzcoin,316
317,SPD,coin,stipend,317
318,KLKS,coin,kalkulus,318
319,DNR,coin,denarius-dnr,319
320,UNB,coin,unbreakablecoin,320
321,XGOX,coin,xgox,321
322,FGC,coin,fantasygold,322
323,CMPCO,coin,campuscoin,323
324,BTW,coin,bitwhite,324
325,XPTX,coin,platinumbar,325
326,FOR,coin,force,326
327,BND,coin,blocknode,327
328,CREA,coin,creativecoin,328
329,ZNY,coin,bitzeny,329
330,BYC,coin,bytecent,330
331,IC,coin,ignition,331
332,WDC,coin,worldcoin,332
333,CMM,coin,commercium,333
334,TCC,coin,the-champcoin,334
335,INN,coin,innova,335
336,GPKR,coin,gold-poker,336
337,RUPX,coin,rupaya,337
338,ZET,coin,zetacoin,338
339,BTB,coin,bitbar,339
340,CTL,coin,citadel,340
341,ELLA,coin,ellaism,341
342,TRK,coin,truckcoin,342
343,MAO,coin,mao-zedong,343
344,GUN,coin,guncoin,344
345,DEM,coin,deutsche-emark,345
346,PCN,coin,peepcoin,346
347,DEUS,coin,deuscoin,347
348,CASH,coin,cashcoin,348
349,MXT,coin,martexcoin,349
350,FRST,coin,firstcoin,350
351,VIVO,coin,vivo,351
352,UIS,coin,unitus,352
353,XDNA,coin,xdna,353
354,BTCN,coin,bitcoinote,354
355,PXC,coin,phoenixcoin,355
356,PRTX,coin,printex,356
357,ONX,coin,onix,357
358,XRA,coin,ratecoin,358
359,LINX,coin,linx,359
360,PROC,coin,procurrency,360
361,DFT,coin,draftcoin,361
362,BRIA,coin,briacoin,362
363,CRM,coin,cream,363
364,BSM,coin,bitsum,364
365,EGEM,coin,ethergem,365
366,ACED,coin,aced,366
367,PUT,coin,putincoin,367
368,WHL,coin,whalecoin,368
369,LOBS,coin,lobstex,369
370,UTC,coin,ultracoin,370
371,BBS,coin,bbscoin,371
372,CROAT,coin,croat,372
373,EVIL,coin,evil-coin,373
374,UNIFY,coin,unify,374
375,ZBA,coin,zoomba,375
376,PRIV,coin,privcy,376
377,GMCN,coin,gamblecoin,377
378,PLAN,coin,plancoin,378
379,ZCR,coin,zcore,379
380,UCOM,coin,ucom,380
381,STN,coin,steneum-coin,381
382,ARCO,coin,aquariuscoin,382
383,CCN,coin,cannacoin,383
384,OCC,coin,octoin-coin,384
385,TOK,coin,tokugawa,385
386,TIT,coin,titcoin,386
387,FLM,coin,folmcoin,387
388,AREPA,coin,arepacoin,388
389,XRH,coin,rhenium,389
390,BBK,coin,bitblocks,390
391,DSR,coin,desire,391
392,CRC,coin,crowdcoin,392
393,AMS,coin,amsterdamcoin,393
394,NYEX,coin,nyerium,394
395,611,coin,sixeleven,395
396,ERY,coin,eryllium,396
397,BITF,coin,bitf,397
398,CMT,coin,comet,398
399,BSC,coin,bowscoin,399
400,CREVA,coin,crevacoin,400
401,GSR,coin,geysercoin,401
402,HMC,coin,harmonycoin-hmc,402
403,VULC,coin,vulcano-old,403
404,LKK,coin,lykke,404
405,FAIR,coin,faircoin,405
406,BCC,coin,bitconnect,406
407,AC,coin,asiacoin,407
408,CCRB,coin,cryptocarbon,408
409,XSD,coin,bitshares-music,409
410,BLU,coin,bluecoin,410
411,KB3,coin,b3coin,411
412,FCN,coin,fantomcoin,412
413,POSW,coin,posw-coin,413
414,MAX,coin,maxcoin,414
415,CHIPS,coin,chips,415
416,ATMOS,coin,atmos,416
417,BTI,coin,bitcoin-instant,417
418,NOBL,coin,noblecoin,418
419,HEAT,coin,heat-ledger,419
420,QRK,coin,quark,420
421,SUPER,coin,supercoin,421
422,CARBON,coin,carboncoin,422
423,BUZZ,coin,buzzcoin,423
424,BPL,coin,blockpool,424
425,NTRN,coin,neutron,425
426,EQT,coin,equitrader,426
427,XUN,coin,ultranote-coin,427
428,ECN,coin,e-coin,428
429,RC,coin,russiacoin,429
430,SUMO,coin,sumokoin,430
431,AIB,coin,advanced-internet-blocks,431
432,IXC,coin,ixcoin,432
433,I0C,coin,i0coin,433
434,ARG,coin,argentum,434
435,TES,coin,teslacoin,435
436,VSX,coin,vsync-vsx,436
437,CRAVE,coin,crave,437
438,XCN,coin,cryptonite,438
439,FJC,coin,fujicoin,439
440,LOG,coin,woodcoin,440
441,ORB,coin,orbitcoin,441
442,CDN,coin,canada-ecoin,442
443,POP,coin,popularcoin,443
444,UNIC,coin,unicoin,444
445,BTDX,coin,bitcloud,445
446,DCY,coin,dinastycoin,446
447,BBP,coin,biblepay,447
448,KOBO,coin,kobocoin,448
449,NKA,coin,incakoin,449
450,MANNA,coin,manna,450
451,UNI,coin,universe,451
452,TAG,coin,tagcoin,452
453,FLT,coin,fluttercoin,453
454,DP,coin,digitalprice,454
455,SXC,coin,sexcoin,455
456,TSE,coin,tattoocoin,456
457,MAGE,coin,magiccoin,457
458,RUP,coin,rupee,458
459,SMLY,coin,smileycoin,459
460,DGC,coin,digitalcoin,460
461,TRI,coin,triangles,461
462,BRO,coin,bitradio,462
463,MAZA,coin,mazacoin,463
464,TALK,coin,btctalkcoin,464
465,OPAL,coin,opal,465
466,TROLL,coin,trollcoin,466
467,EL,coin,elcoin-el,467
468,STAK,coin,straks,468
469,INSN,coin,insanecoin-insn,469
470,BRIT,coin,britcoin,470
471,MAG,coin,magnet,471
472,PIGGY,coin,piggycoin,472
473,SNRG,coin,synergy,473
474,START,coin,startcoin,474
475,EDRC,coin,edrcoin,475
476,ELE,coin,elementrem,476
477,ARC,coin,arcticcoin,477
478,V,coin,version,478
479,DSH,coin,dashcoin,479
480,GRWI,coin,growers-international,480
481,ACRE,coin,acre,481
482,MOIN,coin,moin,482
483,ZENI,coin,zennies,483
484,Q2C,coin,qubitcoin,484
485,BTA,coin,bata,485
486,HBN,coin,hobonickels,486
487,ITI,coin,iticoin,487
488,ZZC,coin,zozocoin,488
489,SKC,coin,skeincoin,489
490,FST,coin,fastcoin,490
491,GOLF,coin,golfcoin,491
492,RNS,coin,renos,492
493,TRUMP,coin,trumpcoin,493
494,FUNK,coin,the-cypherfunks,494
495,HODL,coin,hodlcoin,495
496,BITS,coin,bitstar,496
497,BDL,coin,bitdeal,497
498,MTNC,coin,masternodecoin,498
499,REC,coin,regalcoin,499
500,XJO,coin,joulecoin,500
501,NETKO,coin,netko,501
502,BTCR,coin,bitcurrency,502
503,HAL,coin,halcyon,503
504,MAC,coin,machinecoin,504
505,NBR,coin,niobio-cash,505
506,NYAN,coin,nyancoin,506
507,CAZ,coin,cazcoin,507
508,SAGA,coin,sagacoin,508
509,NMS,coin,numus,509
510,HOLD,coin,interstellar-holdings,510
511,LANA,coin,lanacoin,511
512,TEK,coin,tekcoin,512
513,KUSH,coin,kushcoin,513
514,RBIES,coin,rubies,514
515,JEW,coin,shekel,515
516,OPCX,coin,opcoinx,516
517,NET,coin,netcoin,517
518,ARI,coin,aricoin,518
519,IRL,coin,irishcoin,519
520,MEC,coin,megacoin,520
521,MOTO,coin,motocoin,521
522,BLC,coin,blakecoin,522
523,XPY,coin,paycoin2,523
524,BWS,coin,bitcoin-w-spectrum,524
525,TGC,coin,tigercoin,525
526,RBT,coin,rimbit,526
527,USC,coin,ultimate-secure-cash,527
528,EMD,coin,emerald,528
529,PR,coin,prototanium,529
530,FRC,coin,freicoin,530
531,GLT,coin,globaltoken,531
532,GAP,coin,gapcoin,532
533,SLG,coin,sterlingcoin,533
534,BTCS,coin,bitcoin-scrypt,534
535,HNC,coin,helleniccoin,535
536,BIGUP,coin,bigup,536
537,DMB,coin,digital-money-bits,537
538,DUO,coin,parallelcoin,538
539,SMC,coin,smartcoin,539
540,ICN,coin,icoin,540
541,CHESS,coin,chesscoin,541
542,PAK,coin,pakcoin,542
543,BANK,coin,bank-coin,543
544,CJ,coin,cryptojacks,544
545,XLC,coin,leviar,545
546,FANS,coin,fantasy-cash,546
547,KED,coin,darsek,547
548,ATOM,coin,atomic-coin,548
549,JIN,coin,jin-coin,549
550,VOT,coin,votecoin,550
551,TOKC,coin,tokyo,551
552,DTEM,coin,dystem,552
553,AMMO,coin,ammo-reloaded,553
554,CNT,coin,centurion,554
555,POST,coin,postcoin,555
556,XCT,coin,c-bit,556
557,MARS,coin,marscoin,557
558,VIDZ,coin,purevidz,558
559,XCXT,coin,coinonatx,559
560,CNO,coin,coin,560
561,BCF,coin,bitcoinfast,561
562,DAXX,coin,daxxcoin,562
563,BLZ,coin,blazecoin,563
564,MOJO,coin,mojocoin,564
565,PHS,coin,philosopher-stones,565
566,ASAFE2,coin,allsafe,566
567,STV,coin,sativacoin,567
568,SPK,coin,sparks,568
569,DRM,coin,dreamcoin,569
570,GB,coin,goldblocks,570
571,BOLI,coin,bolivarcoin,571
572,INFX,coin,influxcoin,572
573,SPACE,coin,spacecoin,573
574,PKB,coin,parkbyte,574
575,J,coin,joincoin,575
576,8BIT,coin,8bit,576
577,DRXNE,coin,droxne,577
578,KURT,coin,kurrent,578
579,BSTY,coin,globalboost-y,579
580,XRE,coin,revolvercoin,580
581,BERN,coin,berncash,581
582,HC,coin,harvest-masternode-coin,582
583,LTB,coin,litebar,583
584,TTC,coin,tittiecoin,584
585,SWING,coin,swing,585
586,EUNO,coin,euno,586
587,SCRT,coin,secretcoin,587
588,HVCO,coin,high-voltage,588
589,C2,coin,coin2-1,589
590,DBTC,coin,debitcoin,590
591,SIGT,coin,signatum,591
592,BOST,coin,boostcoin,592
593,DRS,coin,digital-rupees,593
594,GRPH,coin,graphcoin,594
595,BUMBA,coin,bumbacoin,595
596,ZUR,coin,zurcoin,596
597,LCP,coin,litecoin-plus,597
598,ECO,coin,ecocoin,598
599,RPC,coin,ronpaulcoin,599
600,BTPL,coin,bitcoin-planet,600
601,QTL,coin,quatloo,601
602,XCO,coin,x-coin,602
603,JIYO,coin,jiyo,603
604,$$$,coin,money,604
605,IMX,coin,impact,605
606,MST,coin,mustangcoin,606
607,ARION,coin,arion,607
608,XSTC,coin,safe-trade-coin,608
609,ACOIN,coin,acoin,609
610,SRC,coin,securecoin,610
611,CACH,coin,cachecoin,611
612,888,coin,octocoin,612
613,CTO,coin,crypto,613
614,HTH,coin,help-the-homeless-coin,614
615,NEVA,coin,nevacoin,615
616,DLC,coin,dollarcoin,616
617,VPRC,coin,vaperscoin,617
618,ACC,coin,adcoin,618
619,GRLC,coin,garlicoin,619
620,LEA,coin,leacoin,620
621,QBC,coin,quebecoin,621
622,XBTC21,coin,bitcoin-21,622
623,MSCN,coin,master-swiscoin,623
624,GRN,coin,granitecoin,624
625,MCRN,coin,macron,625
626,NRO,coin,neuro,626
627,ENT,coin,eternity,627
628,ALL,coin,allion,628
629,DTC,coin,datacoin,629
630,HBC,coin,homeblockcoin,630
631,ZMC,coin,zetamicron,631
632,CAT,coin,catcoin,632
633,MNC,coin,mincoin,633
634,CHAN,coin,chancoin,634
635,BOAT,coin,doubloon,635
636,GRIM,coin,grimcoin,636
637,GP,coin,goldpieces,637
638,GTC,coin,global-tour-coin,638
639,PXI,coin,prime-xi,639
640,TAJ,coin,tajcoin,640
641,EUC,coin,eurocoin,641
642,ETHD,coin,ethereum-dark,642
643,SOON,coin,sooncoin,643
644,STARS,coin,starcash-network,644
645,PLC,coin,polcoin,645
646,GCC,coin,guccionecoin,646
647,HONEY,coin,honey,647
648,IMS,coin,independent-money-system,648
649,JOBS,coin,jobscoin,649
650,PASL,coin,pascal-lite,650
651,RED,coin,redcoin,651
652,PIE,coin,piecoin,652
653,PNX,coin,phantomx,653
654,VTA,coin,virtacoin,654
655,FUZZ,coin,fuzzballs,655
656,YTN,coin,yenten,656
657,ELS,coin,elysium,657
658,CPN,coin,compucoin,658
659,BTQ,coin,bitquark,659
660,ICOB,coin,icobid,660
661,BENJI,coin,benjirolls,661
662,SOIL,coin,soilcoin,662
663,VISIO,coin,visio,663
664,VEC2,coin,vector,664
665,FLAX,coin,flaxscript,665
666,CF,coin,californium,666
667,ADCN,coin,asiadigicoin,667
668,CNNC,coin,cannation,668
669,PLNC,coin,plncoin,669
670,MAY,coin,theresa-may-coin,670
671,BNX,coin,bnrtxcoin,671
672,GPL,coin,gold-pressed-latinum,672
673,PEX,coin,posex,673
674,LTCR,coin,litecred,674
675,KNC,coin,kingn-coin,675
676,ZYD,coin,zayedcoin,676
677,VLT,coin,veltor,677
678,SFC,coin,solarflarecoin,678
679,SCS,coin,speedcash,679
680,SLEVIN,coin,slevin,680
681,MAR,coin,marijuanacoin,681
682,MILO,coin,milocoin,682
683,QBIC,coin,qbic,683
684,CAB,coin,cabbage,684
685,ICON,coin,iconic,685
686,COAL,coin,bitcoal,686
687,LUNA,coin,luna-coin,687
688,SONG,coin,songcoin,688
689,CRDNC,coin,credence-coin,689
690,ROOFS,coin,roofs,690
691,BIP,coin,bipcoin,691
692,NUKO,coin,nekonium,692
693,CXT,coin,coinonat,693
694,GEERT,coin,geertcoin,694
695,WORM,coin,healthywormcoin,695
696,KRONE,coin,kronecoin,696
697,SOCC,coin,socialcoin-socc,697
698,SANDG,coin,save-and-gain,698
699,ARB,coin,arbit,699
700,IBANK,coin,ibank,700
701,WBB,coin,wild-beast-block,701
702,PLACO,coin,playercoin,702
703,PCOIN,coin,pioneer-coin,703
704,ADN,coin,adrenaline,704
705,PONZI,coin,ponzicoin,705
706,LTCU,coin,litecoin-ultra,706
707,VOLT,coin,bitvolt,707
708,ATX,coin,artex-coin,708
709,LBTC,coin,litebitcoin,709
710,ARGUS,coin,argus,710
711,PRC,coin,prcoin,711
712,DOLLAR,coin,dollar-online,712
713,CONX,coin,concoin,713
714,CTIC2,coin,coimatic-2,714
715,COUPE,coin,coupecoin,715
716,MGM,coin,magnum,716
717,GLS,coin,glasscoin,717
718,VUC,coin,virta-unique-coin,718
719,ACP,coin,anarchistsprime,719
720,ITZ,coin,interzone,720
721,WOMEN,coin,women,721
722,NANOX,coin,project-x,722
723,VLTC,coin,vault-coin,723
724,LVPS,coin,levoplus,724
725,CKUSD,coin,ckusd,725
726,XIN,coin,infinity-economics,726
727,PAI,coin,project-pai,727
728,SBTC,coin,super-bitcoin,728
729,HYC,coin,hycon,729
730,CHAT,coin,chatcoin,730
731,FIL,coin,filecoin,731
732,LBTC,coin,lightning-bitcoin,732
733,BCX,coin,bitcoinx,733
734,FTO,coin,futurocoin,734
735,HDAC,coin,hdac,735
736,DASC,coin,dascoin,736
737,CNET,coin,contractnet,737
738,MCC,coin,moving-cloud-coin,738
739,UBTC,coin,united-bitcoin,739
740,OF,coin,ofcoin,740
741,BIFI,coin,bitcoin-file,741
742,ADK,coin,aidos-kuneen,742
743,XMC,coin,monero-classic,743
744,GOD,coin,bitcoin-god,744
745,ICR,coin,intercrone,745
746,OC,coin,oceanchain,746
747,KST,coin,starcointv,747
748,ATCC,coin,atc-coin,748
749,FRGC,coin,fargocoin,749
750,IFC,coin,infinitecoin,750
751,APL,coin,apollo-currency,751
752,MSD,coin,msd,752
753,PCS,coin,pabyosi-coin-special,753
754,ZP,coin,zen-protocol,754
755,B2X,coin,segwit2x,755
756,XMO,coin,monero-original,756
757,PDX,coin,payday-coin,757
758,GTM,coin,gentarium,758
759,CLUB,coin,clubcoin,759
760,WC,coin,win-coin,760
761,TMC,coin,timicoin,761
762,WA,coin,wa-space,762
763,W3C,coin,w3coin,763
764,SC2,coin,securecloudcoin,764
765,ESN,coin,ethersocial,765
766,EAG,coin,ea-coin,766
767,SWTC,coin,jingtum-tech,767
768,HRC,coin,haracoin,768
769,VIPS,coin,vipstar-coin,769
770,PGN,coin,pigeoncoin,770
771,NCP,coin,newton-coin-project,771
772,ETZ,coin,ether-zero,772
773,VIVID,coin,vivid-coin,773
774,ACC,coin,acchain,774
775,DNZ,coin,adenz,775
776,COTN,coin,cottoncoin,776
777,COMP,coin,compound-coin,777
778,TSC,coin,thunderstake,778
779,TWIST,coin,twist,779
780,PWR,coin,powercoin,780
781,PUREX,coin,purex,781
782,AEG,coin,aegeus,782
783,LTHN,coin,lethean,783
784,XBI,coin,bitcoin-incognito,784
785,TER,coin,terranova,785
786,GIO,coin,graviocoin,786
787,DMC,coin,dynamiccoin,787
788,ESCO,coin,escrowcoin,788
789,ANI,coin,animecoin,789
790,GBG,coin,golos-gold,790
791,EMB,coin,embercoin,791
792,SUP,coin,superior-coin,792
793,SONO,coin,altcommunity-coin,793
794,XXX,coin,adultchain,794
795,MRQ,coin,mirq,795
796,SLOTH,coin,slothcoin,796
797,ERA,coin,blakestar,797
798,ATC,coin,arbitracoin,798
799,IFP,coin,infinipay,799
800,LYNX,coin,lynx,800
801,BIT,coin,first-bitcoin,801
802,BET,coin,betacoin,802
803,BSN,coin,bastonet,803
804,HIGHT,coin,highcoin,804
805,MARX,coin,marxcoin,805
806,XRY,coin,royalties,806
807,RUNNERS,coin,runners,807
808,GMX,coin,goldmaxcoin,808
809,SHA,coin,shacoin,809
810,RBMC,coin,rubex-money,810
811,MERO,coin,mero,811
812,NAMO,coin,namocoin,812
813,CROP,coin,cropcoin,813
814,ANTX,coin,antimatter,814
815,FRRN,coin,ferron,815
816,FRN,coin,francs,816
817,CHEAP,coin,cheapcoin,817
818,CFC,coin,coffeecoin,818
819,RBBT,coin,rabbitcoin,819
820,OMC,coin,omicron,820
821,BLAZR,coin,blazercoin,821
822,DFS,coin,defense,822
823,HNC,coin,huncoin,823
824,SKR,coin,sakuracoin,824
825,GDC,coin,grandcoin,825
826,QBT,coin,cubits,826
827,XQN,coin,quotient,827
828,CYDER,coin,cyder,828
829,HYPER,coin,hyper,829
830,ACES,coin,aces,830
831,ZSE,coin,zsecoin,831
832,AXIOM,coin,axiom,832
833,HIGH,coin,high-gain,833
834,TELL,coin,tellurion,834
835,TLE,coin,tattoocoin-limited,835
836,RICHX,coin,richcoin,836
837,KDC,coin,klondikecoin,837
838,CRYPT,coin,cryptcoin,838
839,DON,coin,donationcoin,839
840,SAK,coin,sharkcoin,840
841,BUB,coin,bubble,841
842,SJW,coin,sjwcoin,842
843,AV,coin,avatarcoin,843
844,PROUD,coin,proud-money,844
845,RCN,coin,rcoin,845
846,LEVO,coin,levocoin,846
847,REGA,coin,regacoin,847
848,HALLO,coin,halloween-coin,848
849,BITOK,coin,bitok,849
850,TURBO,coin,turbocoin,850
851,BIRDS,coin,birds,851
852,WINK,coin,wink,852
853,ATMC,coin,atmcoin,853
854,PRN,coin,protean,854
855,SIGMA,coin,sigmacoin,855
856,MAGN,coin,magnetcoin,856
857,AKY,coin,akuya-coin,857
858,BSR,coin,bitsoar,858
859,DUTCH,coin,dutch-coin,859
860,BTBc,coin,bitbase,860
861,ARLIZE,coin,arlize,861
862,TCOIN,coin,t-coin,862
863,UNRC,coin,universalroyalcoin,863
864,ASN,coin,aseancoin,864
865,BT2,coin,bt2-cst,865
866,ENT,coin,entcash,866
867,USDT,token,tether,1
868,BNB,token,binance-coin,2
869,OMG,token,omisego,3
870,ZRX,token,0x,4
871,ZIL,token,zilliqa,5
872,MKR,token,maker,6
873,AE,token,aeternity,7
874,NPXS,token,pundi-x,8
875,BAT,token,basic-attention-token,9
876,REP,token,augur,10
877,WTC,token,waltonchain,11
878,HOT,token,holo,12
879,PPT,token,populous,13
880,GNT,token,golem-network-tokens,14
881,RHOC,token,rchain,15
882,SNT,token,status,16
883,MITH,token,mithril,17
884,KCS,token,kucoin-shares,18
885,MAID,token,maidsafecoin,19
886,IOST,token,iostoken,20
887,DCN,token,dentacoin,21
888,LINK,token,chainlink,22
889,AION,token,aion,23
890,ELF,token,aelf,24
891,DGD,token,digixdao,25
892,XIN,token,mixin,26
893,DROP,token,dropil,27
894,FUN,token,funfair,28
895,QASH,token,qash,29
896,MCO,token,mco,30
897,TUSD,token,trueusd,31
898,BNT,token,bancor,32
899,GAS,token,gas,33
900,PAY,token,tenx,34
901,MANA,token,decentraland,35
902,WAX,token,wax,36
903,POWR,token,power-ledger,37
904,CMT,token,cybermiles,38
905,THETA,token,theta-token,39
906,AOA,token,aurora,40
907,KIN,token,kin,41
908,KNC,token,kyber-network,42
909,LRC,token,loopring,43
910,NULS,token,nuls,44
911,TTU,token,tatatu,45
912,LOOM,token,loom-network,46
913,ODE,token,odem,47
914,ENG,token,enigma-project,48
915,POLY,token,polymath-network,49
916,CTXC,token,cortex,50
917,SUB,token,substratum,51
918,DRGN,token,dragonchain,52
919,BIX,token,bibox-token,53
920,DENT,token,dent,54
921,DAI,token,dai,55
922,VERI,token,veritaseum,56
923,ICN,token,iconomi,57
924,CVC,token,civic,58
925,LKY,token,linkey,59
926,DDD,token,scryinfo,60
927,GTO,token,gifto,61
928,STORJ,token,storj,62
929,STORM,token,storm,63
930,MAN,token,matrix-ai-network,64
931,SALT,token,salt,65
932,ENJ,token,enjin-coin,66
933,GNO,token,gnosis-gno,67
934,DIG,token,dignity,68
935,NOAH,token,noah-coin,69
936,IGNIS,token,ignis,70
937,EDR,token,endor-protocol,71
938,TEN,token,tokenomy,72
939,SAN,token,santiment,73
940,ETHOS,token,ethos,74
941,RLC,token,rlc,75
942,CENNZ,token,centrality,76
943,RDN,token,raiden-network-token,77
944,FSN,token,fusion,78
945,AUTO,token,cube,79
946,NEXO,token,nexo,80
947,CVT,token,cybervein,81
948,HPB,token,high-performance-blockchain,82
949,REQ,token,request-network,83
950,BFT,token,bnktothefuture,84
951,CRPT,token,crypterium,85
952,NEC,token,nectar,86
953,TEL,token,telcoin,87
954,DAX,token,daex,88
955,NCASH,token,nucleus-vision,89
956,C20,token,c20,90
957,QKC,token,quarkchain,91
958,BRD,token,bread,92
959,SAFEX,token,safe-exchange-coin,93
960,ATX,token,aston,94
961,ANT,token,aragon,95
962,CND,token,cindicator,96
963,SMT,token,smartmesh,97
964,BHPC,token,bhpcash,98
965,SOC,token,all-sports,99
966,AGI,token,singularitynet,100
967,VEE,token,blockv,101
968,COSM,token,cosmo-coin,102
969,GVT,token,genesis-vision,103
970,BLZ,token,bluzelle,104
971,TNB,token,time-new-bank,105
972,POE,token,poet,106
973,EDO,token,eidoo,107
974,R,token,revain,108
975,DATA,token,streamr-datacoin,109
976,CS,token,credits,110
977,TRUE,token,truechain,111
978,QSP,token,quantstamp,112
979,BITCNY,token,bitcny,113
980,STQ,token,storiqa,114
981,AMB,token,amber,115
982,ITC,token,iot-chain,116
983,GTC,token,game,117
984,RUFF,token,ruff,118
985,TKY,token,thekey,119
986,MDS,token,medishares,120
987,SKB,token,sakura-bloom,121
988,BTO,token,bottos,122
989,PMA,token,pumapay,123
990,MTL,token,metal,124
991,EDG,token,edgeless,125
992,DBC,token,deepbrain-chain,126
993,WGR,token,wagerr,127
994,MOD,token,modum,128
995,ABT,token,arcblock,129
996,PLR,token,pillar,130
997,MEDX,token,medx,131
998,SRN,token,sirin-labs-token,132
999,SNM,token,sonm,133
1000,DGTX,token,digitex-futures,134
1001,GNX,token,genaro-network,135
1002,NGC,token,naga,136
1003,MFT,token,mainframe,137
1004,RNT,token,oneroot-network,138
1005,RKT,token,rock,139
1006,EOSDAC,token,eosdac,140
1007,COV,token,covesting,141
1008,OCN,token,odyssey,142
1009,APIS,token,apis,143
1010,LYM,token,lympo,144
1011,IOTX,token,iotex,145
1012,SPHTX,token,sophiatx,146
1013,UTT,token,uttoken,147
1014,QRL,token,quantum-resistant-ledger,148
1015,DEW,token,dew,149
1016,PAI,token,pchain,150
1017,REN,token,republic-protocol,151
1018,PRE,token,presearch,152
1019,CPC,token,cpchain,153
1020,TCT,token,tokenclub,154
1021,DTR,token,dynamic-trading-rights,155
1022,FXT,token,fuzex,156
1023,EURS,token,stasis-eurs,157
1024,LGO,token,legolas-exchange,158
1025,KEY,token,selfkey,159
1026,MTC,token,docademic,160
1027,PPP,token,paypie,161
1028,DTA,token,data,162
1029,LEND,token,ethlend,163
1030,LYL,token,loyalcoin,164
1031,JNT,token,jibrel-network,165
1032,ZPT,token,zeepin,166
1033,DNT,token,district0x,167
1034,SEELE,token,seele,168
1035,KICK,token,kickico,169
1036,UCASH,token,ucash,170
1037,SCRL,token,scroll,171
1038,KAN,token,bitkan,172
1039,UTNP,token,universa,173
1040,OST,token,ost,174
1041,UTK,token,utrust,175
1042,MDA,token,moeda-loyalty-points,176
1043,TIO,token,trade-token,177
1044,SPANK,token,spankchain,178
1045,NANJ,token,nanjcoin,179
1046,ADX,token,adx-net,180
1047,AST,token,airswap,181
1048,QLC,token,qlink,182
1049,SNGLS,token,singulardtv,183
1050,DCC,token,distributed-credit-chain,184
1051,HYDRO,token,hydrogen,185
1052,DBET,token,decent-bet,186
1053,BWT,token,bittwatt,187
1054,EKT,token,educare,188
1055,NEU,token,neumark,189
1056,SOAR,token,soarcoin,190
1057,WINGS,token,wings,191
1058,PHX,token,red-pulse,192
1059,MET,token,metronome,193
1060,MVL,token,mass-vehicle-ledger,194
1061,TKN,token,tokencard,195
1062,BITUSD,token,bitusd,196
1063,VITE,token,vite,197
1064,RNTB,token,bitrent,198
1065,INK,token,ink,199
1066,LBA,token,libra-credit,200
1067,TOMO,token,tomochain,201
1068,TERN,token,ternio,202
1069,MED,token,medibloc,203
1070,HVN,token,hive-project,204
1071,BAX,token,babb,205
1072,BOX,token,contentbox,206
1073,TRAC,token,origintrail,207
1074,MGO,token,mobilego,208
1075,INT,token,internet-node-token,209
1076,XET,token,external-token,210
1077,COB,token,cobinhood,211
1078,MOZO,token,mozo-token,212
1079,TTC,token,ttc-protocol,213
1080,CPT,token,cryptaur,214
1081,RFR,token,refereum,215
1082,MOBI,token,mobius,216
1083,RCN,token,ripio-credit-network,217
1084,MWAT,token,restart-energy-mwat,218
1085,MSP,token,mothership,219
1086,WAB,token,wabnetwork,220
1087,VZT,token,vezt,221
1088,WPR,token,wepower,222
1089,PLBT,token,polybius,223
1090,NKN,token,nkn,224
1091,ATN,token,atn,225
1092,DPY,token,delphy,226
1093,IHT,token,iht-real-estate-protocol,227
1094,FOTA,token,fortuna,228
1095,CNN,token,content-neutrality-network,229
1096,HOT,token,hydro-protocol,230
1097,HMQ,token,humaniq,231
1098,WABI,token,wabi,232
1099,INS,token,ins-ecosystem,233
1100,CAS,token,cashaa,234
1101,XYO,token,xyo-network,235
1102,APPC,token,appcoins,236
1103,SPD,token,spindle,237
1104,CDT,token,blox,238
1105,SLT,token,smartlands,239
1106,ADT,token,adtoken,240
1107,SWM,token,swarm-fund,241
1108,PST,token,primas,242
1109,SWFTC,token,swftcoin,243
1110,TNT,token,tierion,244
1111,CPX,token,apex,245
1112,DOV,token,dovu,246
1113,DMT,token,dmarket,247
1114,AMP,token,synereo,248
1115,AURA,token,aurora-dao,249
1116,ARB,token,arbitrage,250
1117,MLN,token,melon,251
1118,PAYX,token,paypex,252
1119,YEE,token,yee,253
1120,MER,token,mercury,254
1121,PEPECASH,token,pepe-cash,255
1122,EXC,token,eximchain,256
1123,EBC,token,ebcoin,257
1124,ZCO,token,zebi,258
1125,DOCK,token,dock,259
1126,SXDT,token,spectre-dividend,260
1127,REPO,token,repo,261
1128,COSS,token,coss,262
1129,ZRC,token,zrcoin,263
1130,DIM,token,dimcoin,264
1131,CMCT,token,crowd-machine,265
1132,RMT,token,sureremit,266
1133,SPC,token,spacechain,267
1134,QBIT,token,qubitica,268
1135,FUEL,token,etherparty,269
1136,LUN,token,lunyr,270
1137,XRL,token,rialto,271
1138,DADI,token,dadi,272
1139,OPTI,token,optitoken,273
1140,PRA,token,prochain,274
1141,CREDO,token,credo,275
1142,BMC,token,blackmoon,276
1143,EVX,token,everex,277
1144,ALI,token,ailink-token,278
1145,NCT,token,polyswarm,279
1146,LCS,token,local-coin-swap,280
1147,CVN,token,cvcoin,281
1148,GRID,token,grid,282
1149,YOYOW,token,yoyow,283
1150,DAG,token,constellation,284
1151,CFI,token,cofound-it,285
1152,ZPR,token,zper,286
1153,SRCOIN,token,srcoin,287
1154,PRO,token,propy,288
1155,BCPT,token,blockmason,289
1156,MOT,token,olympus-labs,290
1157,VIBE,token,vibe,291
1158,TFD,token,te-food,292
1159,UGC,token,ugchain,293
1160,LA,token,latoken,294
1161,SEN,token,consensus,295
1162,VIB,token,viberate,296
1163,EGT,token,egretia,297
1164,HMC,token,hi-mutual-society,298
1165,UKG,token,unikoin-gold,299
1166,EVR,token,everus,300
1167,UPP,token,sentinel-protocol,301
1168,DAT,token,datum,302
1169,BKX,token,bankex,303
1170,TAU,token,lamden,304
1171,QAU,token,quantum,305
1172,1ST,token,firstblood,306
1173,OCT,token,oraclechain,307
1174,HAV,token,havven,308
1175,TRIG,token,triggers,309
1176,BANCA,token,banca,310
1177,MOC,token,mossland,311
1178,PRL,token,oyster,312
1179,BBC,token,b2bcoin,313
1180,BZNT,token,bezant,314
1181,CAPP,token,cappasity,315
1182,QUN,token,qunqun,316
1183,NMR,token,numeraire,317
1184,INCNT,token,incent,318
1185,GOT,token,gonetwork,319
1186,TMT,token,traxia,320
1187,GUP,token,guppy,321
1188,FNKOS,token,fnkos,322
1189,ABL,token,airbloc,323
1190,EVN,token,envion,324
1191,GSC,token,global-social-chain,325
1192,DATX,token,datx,326
1193,TIC,token,thingschain,327
1194,ZCN,token,0chain,328
1195,UP,token,uptoken,329
1196,TAAS,token,taas,330
1197,B2B,token,b2bx,331
1198,BPT,token,blockport,332
1199,ERO,token,eroscoin,333
1200,ELEC,token,electrifyasia,334
1201,SNC,token,suncontract,335
1202,ORME,token,ormeus-coin,336
1203,TIX,token,blocktix,337
1204,ROCK2,token,ice-rock-mining,338
1205,DTB,token,databits,339
1206,CARD,token,cardstack,340
1207,AXPR,token,axpire,341
1208,ECOM,token,omnitude,342
1209,HST,token,decision-token,343
1210,GAM,token,gambit,344
1211,CHSB,token,swissborg,345
1212,AAC,token,acute-angle-cloud,346
1213,CBC,token,cashbet-coin,347
1214,ZSC,token,zeusshield,348
1215,TIME,token,chronobank,349
1216,PBT,token,primalbase,350
1217,MTH,token,monetha,351
1218,DIVX,token,divi,352
1219,GET,token,get-protocol,353
1220,MTN,token,medical-chain,354
1221,XES,token,proxeus,355
1222,SENT,token,sentinel,356
1223,NBC,token,niobium-coin,357
1224,ETK,token,energitoken,358
1225,LOC,token,lockchain,359
1226,ZMN,token,zmine,360
1227,XDCE,token,xinfin-network,361
1228,AIDOC,token,aidoc,362
1229,CAG,token,change,363
1230,ATMI,token,atonomi,364
1231,BLT,token,bloomtoken,365
1232,BOT,token,bodhi,366
1233,DXT,token,datawallet,367
1234,CSNO,token,bitdice,368
1235,PAT,token,patron,369
1236,SWTH,token,switcheo,370
1237,OMX,token,shivom,371
1238,UUU,token,u-network,372
1239,DICE,token,etheroll,373
1240,UQC,token,uquid-coin,374
1241,NPX,token,napoleonx,375
1242,DEB,token,debitum-network,376
1243,STK,token,stk,377
1244,XAUR,token,xaurum,378
1245,ART,token,maecenas,379
1246,OAX,token,oax,380
1247,BBN,token,banyan-network,381
1248,PCH,token,popchain,382
1249,APH,token,aphelion,383
1250,RLX,token,relex,384
1251,OLT,token,oneledger,385
1252,STX,token,stox,386
1253,GEN,token,daostack,387
1254,ARN,token,aeron,388
1255,RTE,token,rate3,389
1256,XMX,token,xmax,390
1257,MRK,token,mark-space,391
1258,CV,token,carvertical,392
1259,MRPH,token,morpheus-network,393
1260,NCC,token,neurochain,394
1261,REM,token,remme,395
1262,PRG,token,paragon,396
1263,SHIP,token,shipchain,397
1264,DOT,token,dotcoin,398
1265,SKM,token,skrumble-network,399
1266,CXO,token,cargox,400
1267,BRM,token,brahmaos,401
1268,COVAL,token,circuits-of-value,402
1269,ADST,token,adshares,403
1270,DLT,token,agrello-delta,404
1271,CZR,token,cononchain,405
1272,NOKU,token,noku,406
1273,IXT,token,ixledger,407
1274,TNC,token,trinity-network-credit,408
1275,AIT,token,aichain,409
1276,RMESH,token,rightmesh,410
1277,SNTR,token,silent-notary,411
1278,KNT,token,kora-network-token,412
1279,BET,token,dao-casino,413
1280,BTT,token,blocktrade,414
1281,NKC,token,nework,415
1282,BZ,token,bit-z-token,416
1283,KRM,token,karma,417
1284,GEM,token,gems-protocol,418
1285,PKC,token,pikciochain,419
1286,MDT,token,measurable-data-token,420
1287,XNK,token,ink-protocol,421
1288,QBT,token,qbao,422
1289,LEV,token,leverj,423
1290,DNA,token,encrypgen,424
1291,CHP,token,coinpoker,425
1292,ALX,token,alax,426
1293,EXRN,token,exrnchain,427
1294,UBT,token,unibright,428
1295,NTK,token,neurotoken,429
1296,ABYSS,token,the-abyss,430
1297,CEEK,token,ceek-vr,431
1298,ADH,token,adhive,432
1299,DRT,token,domraider,433
1300,ALIS,token,alis,434
1301,IDH,token,indahash,435
1302,SWT,token,swarm-city,436
1303,TSL,token,energo,437
1304,FLIXX,token,flixxo,438
1305,AVT,token,aventus,439
1306,COFI,token,coinfi,440
1307,EXY,token,experty,441
1308,EFX,token,effect-ai,442
1309,TFL,token,trueflip,443
1310,BMX,token,bitmart-token,444
1311,IFT,token,investfeed,445
1312,OLE,token,olive,446
1313,IPL,token,insurepal,447
1314,REAL,token,real,448
1315,HKN,token,hacken,449
1316,BEZ,token,bezop,450
1317,MVP,token,merculet,451
1318,RVT,token,rivetz,452
1319,NBAI,token,nebula-ai,453
1320,LNC,token,linker-coin,454
1321,OTN,token,open-trading-network,455
1322,AID,token,aidcoin,456
1323,AIR,token,airtoken,457
1324,BERRY,token,rentberry,458
1325,HBT,token,hubii-network,459
1326,PCL,token,peculium,460
1327,HER,token,heronode,461
1328,PTOY,token,patientory,462
1329,C2C,token,c2c-system,463
1330,ACAT,token,alphacat,464
1331,MYST,token,mysterium,465
1332,FACE,token,faceter,466
1333,EVC,token,eventchain,467
1334,BCY,token,bitcrystals,468
1335,HB,token,heartbout,469
1336,SS,token,sharder,470
1337,DGX,token,digix-gold-token,471
1338,0xBTC,token,0xbtc,472
1339,LEDU,token,education-ecosystem,473
1340,VIT,token,vice-industry-token,474
1341,ATM,token,attention-token-of-media,475
1342,UFR,token,upfiring,476
1343,CAN,token,canyacoin,477
1344,CLN,token,colu-local-network,478
1345,DTH,token,dether,479
1346,FDZ,token,friends,480
1347,VME,token,verime,481
1348,1WO,token,1world,482
1349,NXC,token,nexium,483
1350,DAR,token,darcrus,484
1351,POLL,token,clearpoll,485
1352,LIKE,token,likecoin,486
1353,SSP,token,smartshare,487
1354,QWARK,token,qwark,488
1355,MYB,token,mybit,489
1356,TKS,token,tokes,490
1357,TRST,token,trust,491
1358,EKO,token,echolink,492
1359,DOW,token,dowcoin,493
1360,CCCX,token,clipper-coin,494
1361,BDG,token,bitdegree,495
1362,XPA,token,xpa,496
1363,AVA,token,travala,497
1364,FLDC,token,foldingcoin,498
1365,ELIX,token,elixir,499
1366,SONIQ,token,soniq,500
1367,J8T,token,jet8,501
1368,REBL,token,rebl,502
1369,NPER,token,nper,503
1370,SOUL,token,phantasma,504
1371,ASTRO,token,astro,505
1372,EZT,token,eztoken,506
1373,SHP,token,sharpe-platform-token,507
1374,ICOS,token,icos,508
1375,CBT,token,commerceblock,509
1376,SENC,token,sentinel-chain,510
1377,GEO,token,geocoin,511
1378,IDXM,token,idex-membership,512
1379,MTC,token,mtc-mesh-network,513
1380,AVINOC,token,avinoc,514
1381,FLUZ,token,fluz-fluz,515
1382,INXT,token,internxt,516
1383,PAL,token,policypal-network,517
1384,IND,token,indorse-token,518
1385,FLP,token,flip,519
1386,SCL,token,sociall,520
1387,PKT,token,playkey,521
1388,NET,token,nimiq-exchange-token,522
1389,PRIX,token,privatix,523
1390,BNTY,token,bounty0x,524
1391,MTX,token,matryx,525
1392,HBZ,token,helbiz,526
1393,ZAP,token,zap,527
1394,NRVE,token,narrative,528
1395,ADB,token,adbank,529
1396,SXUT,token,spectre-utility,530
1397,SNOV,token,snovio,531
1398,LIFE,token,life,532
1399,RATING,token,dprating,533
1400,BLUE,token,ethereum-blue,534
1401,RED,token,red,535
1402,BETR,token,betterbetting,536
1403,STA,token,starta,537
1404,ORS,token,origin-sport,538
1405,RCT,token,realchain,539
1406,NIO,token,autonio,540
1407,HAND,token,showhand,541
1408,GLA,token,gladius-token,542
1409,ZEPH,token,zephyr,543
1410,AMLT,token,amlt,544
1411,KWATT,token,4new,545
1412,GAT,token,gatcoin,546
1413,LOCI,token,locicoin,547
1414,ZLA,token,zilla,548
1415,LND,token,lendingblock,549
1416,INSTAR,token,insights-network,550
1417,FLOT,token,fire-lotto,551
1418,HQX,token,hoqu,552
1419,ONL,token,on-live,553
1420,COIN,token,coinvest,554
1421,SPX,token,sp8de,555
1422,FTT,token,farmatrust,556
1423,ZIPT,token,zippie,557
1424,WISH,token,mywish,558
1425,EVE,token,devery,559
1426,THRT,token,thrive-token,560
1427,TAC,token,traceability-chain,561
1428,LALA,token,lala-world,562
1429,ARY,token,block-array,563
1430,NUSD,token,nusd,564
1431,FTX,token,fintrux-network,565
1432,PBL,token,publica,566
1433,VOISE,token,voisecom,567
1434,ATL,token,atlant,568
1435,MVC,token,maverick-chain,569
1436,CFUN,token,cfun,570
1437,WRC,token,worldcore,571
1438,NDC,token,neverdie,572
1439,PLAY,token,herocoin,573
1440,SEXC,token,sharex,574
1441,SIG,token,signal-token,575
1442,PUT,token,profile-utility-token,576
1443,SHL,token,oyster-shell,577
1444,NAVI,token,naviaddress,578
1445,PFR,token,payfair,579
1446,BELA,token,belacoin,580
1447,IPSX,token,ip-exchange,581
1448,PARETO,token,pareto-network,582
1449,TKA,token,tokia,583
1450,CAT,token,bitclave,584
1451,CAT,token,blockcat,585
1452,MITX,token,morpheus-labs,586
1453,SPF,token,sportyco,587
1454,MIC,token,mindexcoin,588
1455,BITS,token,bitswift,589
1456,AUC,token,auctus,590
1457,ALT,token,altcoin-alt,591
1458,RGS,token,rusgas,592
1459,PIX,token,lampix,593
1460,HERO,token,sovereign-hero,594
1461,REF,token,reftoken,595
1462,ING,token,iungo,596
1463,ZXC,token,0xcert,597
1464,IG,token,igtoken,598
1465,GENE,token,parkgene,599
1466,MRT,token,miners-reward-token,600
1467,BOUTS,token,boutspro,601
1468,CHX,token,own,602
1469,BON,token,bonpay,603
1470,LDC,token,leadcoin,604
1471,DOR,token,dorado,605
1472,CRED,token,verify,606
1473,STAR,token,starbase,607
1474,BOB,token,bobs-repair,608
1475,FKX,token,knoxstertoken,609
1476,HUR,token,hurify,610
1477,INV,token,invacio,611
1478,KNDC,token,kanadecoin,612
1479,PYLNT,token,pylon-network,613
1480,TEAM,token,tokenstars,614
1481,FYP,token,flypme,615
1482,AIX,token,aigang,616
1483,DAY,token,chronologic,617
1484,SKIN,token,skincoin,618
1485,TGAME,token,tgame,619
1486,EQL,token,equal,620
1487,BTK,token,bitcoin-token,621
1488,PTT,token,proton-token,622
1489,JOT,token,jury-online-token,623
1490,AMM,token,micromoney,624
1491,DAN,token,daneel,625
1492,ACE,token,ace,626
1493,CRC,token,crycash,627
1494,VIU,token,viuly,628
1495,FSBT,token,forty-seven-bank,629
1496,FND,token,fundrequest,630
1497,KRL,token,kryll,631
1498,EBTC,token,ebtcnew,632
1499,CRB,token,creditbit,633
1500,CL,token,coinlancer,634
1501,SCT,token,soma,635
1502,BBO,token,bigbom,636
1503,LIVE,token,live-stars,637
1504,SSS,token,sharechain,638
1505,STAC,token,startercoin,639
1506,XNN,token,xenon,640
1507,AMN,token,amon,641
1508,ELY,token,elysian,642
1509,SPN,token,sapien,643
1510,TOLL,token,bridge-protocol,644
1511,PHI,token,phi-token,645
1512,WEB,token,webcoin,646
1513,XBP,token,blitzpredict,647
1514,BSTN,token,bitstation,648
1515,MFG,token,syncfab,649
1516,ADI,token,aditus,650
1517,LNC,token,blocklancer,651
1518,SGN,token,signals-network,652
1519,PMNT,token,paymon,653
1520,FOXT,token,fox-trading,654
1521,KLN,token,kolion,655
1522,DTX,token,data-exchange,656
1523,WAND,token,wandx,657
1524,BNC0,token,bionic,658
1525,SGR,token,sugar-exchange,659
1526,KBR,token,kubera-coin,660
1527,BIT,token,bitrewards,661
1528,FT,token,fabric-token,662
1529,BITSILVER,token,bitsilver,663
1530,WSD,token,white-standard,664
1531,BITBTC,token,bitbtc,665
1532,ZINC,token,zinc,666
1533,SUR,token,suretly,667
1534,STU,token,student-coin,668
1535,FTXT,token,futurax,669
1536,MORE,token,more-coin,670
1537,ITT,token,intelligent-trading-foundation,671
1538,RTB,token,ab-chain-rtb,672
1539,EPY,token,emphy,673
1540,DELTA,token,delta-chain,674
1541,BITGOLD,token,bitgold,675
1542,ATS,token,authorship,676
1543,EBET,token,ethbet,677
1544,METM,token,metamorph,678
1545,DTRC,token,datarius-credit,679
1546,XOV,token,xovbank,680
1547,RLT,token,roulettetoken,681
1548,VRS,token,veros,682
1549,JET,token,jetcoin,683
1550,EXMR,token,ethereum-monero,684
1551,TCH,token,thore-cash,685
1552,ETG,token,ethereum-gold,686
1553,BITEUR,token,biteur,687
1554,TDS,token,tokendesk,688
1555,GRMD,token,greenmed,689
1556,ARCT,token,arbitragect,690
1557,MCAP,token,mcap,691
1558,YUP,token,crowdholding,692
1559,FNTB,token,fintab,693
1560,DGS,token,dragonglass,694
1561,ELTCOIN,token,eltcoin,695
1562,EAGLE,token,eaglecoin,696
1563,XMCT,token,xmct,697
1564,MFTU,token,mainstream-for-the-underground,698
1565,GUESS,token,guess,699
1566,BTCONE,token,bitcoin-one,700
1567,STR,token,staker,701
1568,CTIC3,token,coimatic-3,702
1569,ECOB,token,ecobit,703
1570,IVY,token,ivy,704
1571,APX,token,apx,705
1572,WCT,token,waves-community-token,706
1573,BQ,token,bitqy,707
1574,LATX,token,latiumx,708
1575,OBITS,token,obits,709
1576,X8X,token,x8x-token,710
1577,LIF,token,winding-tree,711
1578,FOOD,token,food,712
1579,TGT,token,target-coin,713
1580,OPT,token,opus,714
1581,PLU,token,pluton,715
1582,TRAK,token,trakinvest,716
1583,GOOD,token,goodomy,717
1584,SETH,token,sether,718
1585,XCLR,token,clearcoin,719
1586,SENSE,token,sense,720
1587,BEE,token,bee-token,721
1588,HDG,token,hedge,722
1589,HGT,token,hellogold,723
1590,FID,token,fidelium,724
1591,SMS,token,speed-mining-service,725
1592,ETBS,token,ethbits,726
1593,CPAY,token,cryptopay,727
1594,TBX,token,tokenbox,728
1595,FDX,token,fidentiax,729
1596,CST,token,cryptosolartech,730
1597,HORSE,token,ethorse,731
1598,GETX,token,guaranteed-ethurance-token-extra,732
1599,CPY,token,copytrack,733
1600,EFYT,token,ergo,734
1601,TIE,token,tiesdb,735
1602,REX,token,imbrex,736
1603,HAC,token,hackspace-capital,737
1604,ETT,token,encryptotel,738
1605,VIEW,token,view,739
1606,KIND,token,kind-ads-token,740
1607,MBI,token,monster-byte,741
1608,NSR,token,nushares,742
1609,DIX,token,dix-asset,743
1610,ONG,token,ongsocial,744
1611,PING,token,cryptoping,745
1612,HIRE,token,hirematch,746
1613,RIYA,token,etheriya,747
1614,OCL,token,oceanlab,748
1615,VSL,token,vslice,749
1616,DRPU,token,drp-utility,750
1617,GMT,token,mercury-protocol,751
1618,STRC,token,starcredits,752
1619,CDX,token,commodity-ad-network,753
1620,BMH,token,blockmesh,754
1621,MCI,token,musiconomi,755
1622,TIG,token,tigereum,756
1623,ESZ,token,ethersportz,757
1624,EARTH,token,earth-token,758
1625,BTRN,token,biotron,759
1626,CJT,token,connectjob,760
1627,DGPT,token,digipulse,761
1628,FYN,token,fundyourselfnow,762
1629,INPAY,token,inpay,763
1630,BBI,token,belugapay,764
1631,EBCH,token,ebitcoin-cash,765
1632,IETH,token,iethereum,766
1633,TDX,token,tidex-token,767
1634,AHT,token,bowhead,768
1635,ORI,token,origami,769
1636,NOBS,token,no-bs-crypto,770
1637,SGP,token,sgpay,771
1638,ECASH,token,ethereumcash,772
1639,MBRS,token,embers,773
1640,BTWTY,token,bit20,774
1641,MNE,token,minereum,775
1642,MORE,token,mithril-ore,776
1643,QVT,token,qvolta,777
1644,FLIK,token,flik,778
1645,TNS,token,transcodium,779
1646,TRCT,token,tracto,780
1647,ICOO,token,ico-openledger,781
1648,CCO,token,ccore,782
1649,WILD,token,wild-crypto,783
1650,BTCRED,token,bitcoin-red,784
1651,ACC,token,accelerator-network,785
1652,NOX,token,nitro,786
1653,CTX,token,cartaxi-token,787
1654,JC,token,jesus-coin,788
1655,CCT,token,crystal-clear,789
1656,WIN,token,wawllet,790
1657,WGO,token,wavesgo,791
1658,XBL,token,billionaire-token,792
1659,300,token,300-token,793
1660,PIPL,token,piplcoin,794
1661,SDRN,token,senderon,795
1662,EXN,token,exchangen,796
1663,DDF,token,digital-developers-fund,797
1664,SHDW,token,shadow-token,798
1665,TKR,token,trackr,799
1666,UET,token,useless-ethereum-token,800
1667,OTX,token,octanox,801
1668,NTO,token,fujinto,802
1669,POS,token,postoken,803
1670,DALC,token,dalecoin,804
1671,B@,token,bankcoin,805
1672,BRAT,token,brat,806
1673,TRDT,token,trident,807
1674,ESC,token,escoro,808
1675,NTWK,token,network-token,809
1676,JS,token,javascript-token,810
1677,BLN,token,bolenum,811
1678,RKC,token,royal-kingdom-coin,812
1679,BAS,token,bitasean,813
1680,AI,token,poly-ai,814
1681,CONI,token,coni,815
1682,GSE,token,gsenetwork,816
1683,WETH,token,weth,817
1684,PLY,token,playcoin,818
1685,EDU,token,edu-coin,819
1686,CAN,token,content-and-ad-network,820
1687,INB,token,insight-chain,821
1688,DFT,token,digifinextoken,822
1689,QNT,token,quant,823
1690,NPXSXEM,token,pundi-x-nem,824
1691,MEET,token,coinmeet,825
1692,IQ,token,everipedia,826
1693,SAC,token,smart-application-chain,827
1694,ZIP,token,zip,828
1695,KCASH,token,kcash,829
1696,XPX,token,proximax,830
1697,MT,token,mytoken,831
1698,ENGT,token,engagement-token,832
1699,KNOW,token,know,833
1700,DAV,token,dav-token,834
1701,SDA,token,six-domain-chain,835
1702,MAG,token,maggie,836
1703,HIT,token,hitchain,837
1704,UBEX,token,ubex,838
1705,SOP,token,sopay,839
1706,KBC,token,karatgold-coin,840
1707,MOF,token,molecular-future,841
1708,YCC,token,yuan-chain-coin,842
1709,AVH,token,animation-vision-cash,843
1710,FREC,token,freyrchain,844
1711,FTI,token,fanstime,845
1712,TRIO,token,tripio,846
1713,VEX,token,vexanium,847
1714,SFU,token,saifu,848
1715,INO,token,ino-coin,849
1716,UST,token,ultra-salescoud,850
1717,WIN,token,wintoken,851
1718,RRC,token,rrcoin,852
1719,INCX,token,internationalcryptox,853
1720,DPN,token,dipnet,854
1721,PNT,token,penta,855
1722,EXT,token,experience-token,856
1723,DACC,token,dacc,857
1724,ABDT,token,atlantis-blue-digital-token,858
1725,TOTO,token,tourist-token,859
1726,ESS,token,essentia,860
1727,WIKI,token,wiki-token,861
1728,INC,token,influence-chain,862
1729,XUC,token,exchange-union,863
1730,MXM,token,maximine-coin,864
1731,LIGHT,token,lightchain,865
1732,PSM,token,prasm,866
1733,WWB,token,wowbit,867
1734,CYFM,token,cyberfm,868
1735,INSUR,token,insurchain,869
1736,LXT,token,litex,870
1737,ABX,token,arbidex,871
1738,GVE,token,globalvillage-ecosystem,872
1739,TOPC,token,topchain,873
1740,SLT,token,social-lending-token,874
1741,OWN,token,owndata,875
1742,EDS,token,endorsit,876
1743,TOS,token,thingsoperatingsystem,877
1744,STC,token,starchain,878
1745,COU,token,couchain,879
1746,GARD,token,hashgard,880
1747,HLC,token,halalchain,881
1748,PKG,token,pkg-token,882
1749,BCDN,token,blockcdn,883
1750,FAIR,token,fairgame,884
1751,EPLUS,token,eplus-coin,885
1752,CAR,token,carblock,886
1753,UCT,token,ubique-chain-of-things,887
1754,SHOW,token,show,888
1755,READ,token,read,889
1756,LRN,token,loopring-neo,890
1757,SEER,token,seer,891
1758,UIP,token,unlimitedip,892
1759,GET,token,themis,893
1760,BOC,token,bingocoin,894
1761,BKBT,token,beekan,895
1762,DAC,token,davinci-coin,896
1763,BQT,token,blockchain-quotations-index-token,897
1764,IDT,token,investdigital,898
1765,RDC,token,ordocoin,899
1766,SCC,token,stockchain,900
1767,GBC,token,gold-bits-coin,901
1768,BNK,token,bankera,902
1769,KEY,token,key,903
1770,FUNDZ,token,fundtoken,904
1771,WT,token,wetoken,905
1772,IIC,token,intelligent-investment-chain,906
1773,NEWOS,token,newstoken,907
1774,HSC,token,hashcoin,908
1775,AT,token,aware,909
1776,ERC20,token,erc20,910
1777,ACDC,token,volt,911
1778,OTB,token,otcbtc-token,912
1779,LEMO,token,lemochain,913
1780,ESHIP,token,eliteshippertoken,914
1781,CRE,token,cybereits,915
1782,IPC,token,ipchain,916
1783,ABLX,token,able,917
1784,HOLD,token,hold,918
1785,IMT,token,moneytoken,919
1786,DX,token,dxchain-token,920
1787,LSTR,token,luna-stars,921
1788,OPEN,token,open-platform,922
1789,PC,token,promotion-coin,923
1790,XPAT,token,bitnation,924
1791,MCT,token,master-contract-token,925
1792,PRS,token,pressone,926
1793,SAL,token,salpay,927
1794,EGCC,token,engine,928
1795,EST,token,esports-token,929
1796,DRG,token,dragon-coins,930
1797,KXC,token,kingxchain,931
1798,XID,token,sphre-air,932
1799,BOE,token,bodhi-eth,933
1800,THR,token,thorecoin,934
1801,BCV,token,bitcapitalvendor,935
1802,BBK,token,brickblock,936
1803,UBC,token,ubcoin-market,937
1804,BAAS,token,baasid,938
1805,TKT,token,twinkle,939
1806,XCEL,token,xceltoken,940
1807,IOV,token,carlive-chain,941
1808,BNN,token,brokernekonetwork,942
1809,ELI,token,eligma-token,943
1810,USE,token,usechain-token,944
1811,PXC,token,pixie-coin,945
1812,CMS,token,comsa-xem,946
1813,VIKKY,token,vikkytoken,947
1814,VTHO,token,vethor-token,948
1815,SVD,token,savedroid,949
1816,LINA,token,lina,950
1817,DACS,token,dacsee,951
1818,CEFS,token,cryptopiafeeshares,952
1819,EMPR,token,empowr-coin,953
1820,CMS,token,comsa-eth,954
1821,BWX,token,blue-whale-token,955
1822,SEAL,token,seal-network,956
1823,MEETONE,token,meetone,957
1824,VDG,token,veridocglobal,958
1825,MIB,token,mib-coin,959
1826,SDS,token,alchemint-standards,960
1827,TDC,token,trendercoin,961
1828,ZENGOLD,token,zengold,962
1829,ETT,token,encryptotel-eth,963
1830,EJOY,token,ejoy,964
1831,QUBE,token,qube,965
1832,VCT,token,valuecybertoken,966
1833,IDOL,token,idol-coin,967
1834,YLC,token,yolocash,968
1835,DWS,token,dws,969
1836,CEDEX,token,cedex-coin,970
1837,LUC,token,level-up,971
1838,HORUS,token,horuspay,972
1839,YOU,token,you-coin,973
1840,BUBO,token,budbo,974
1841,GARY,token,president-johnson,975
1842,PRES,token,president-trump,976
1843,BITCF,token,first-bitcoin-capital,977
1844,XOT,token,internet-of-things,978
1845,TESLA,token,teslacoilcoin,979
1846,SCC,token,siacashcoin,980
1847,ECT,token,superedge,981
1848,ORS,token,ors-group,982
1849,PCO,token,pecunio,983
1850,LST,token,lendroid-support-token,984
1851,HYB,token,hybrid-block,985
1852,DML,token,decentralized-machine-learning,986
1853,HPY,token,hyper-pay,987
1854,NAM,token,nam-coin,988
1855,NUG,token,nuggets,989
1856,NTK,token,netkoin,990
1857,ONG,token,ong,991
1858,WYS,token,wys-token,992
1859,RTL,token,rentledger,993
1860,CANDY,token,candy,994
1861,RCD,token,record,995
1862,KARMA,token,karma-eos,996
1863,SNIP,token,snipcoin,997
1864,YUKI,token,yuki,998
1865,ELITE,token,ethereum-lite,999
1866,OBTC,token,obitan-chain,1000
1867,ECH,token,etherecash,1001
1868,CEN,token,centaure,1002
1869,IQT,token,iquant,1003
1870,ALTX,token,alttex,1004
1871,XRA,token,xriba,1005
1872,PTS,token,pitiscoin,1006
1873,MINEX,token,minex,1007
1874,TALAO,token,talao,1008
1875,EXC,token,excaliburcoin,1009
1876,BITX,token,bitscreener-token,1010
1877,QURO,token,qurito,1011
1878,CSM,token,consentium,1012
1879,GRX,token,gold-reward-token,1013
1880,HERO,token,hero,1014
1881,NEOG,token,neo-gold,1015
1882,SJCX,token,storjcoin-x,1016
1883,STEX,token,stex,1017
1884,SMOKE,token,smoke,1018
1885,EPC,token,electronic-pk-chain,1019
1886,OBT,token,orbis-token,1020
1887,WIC,token,wi-coin,1021
1888,BTCM,token,btcmoon,1022
1889,LATINO,token,latino-token,1023
1890,FAP,token,fapcoin,1024
1891,BTE,token,bitserial,1025
1892,ABC,token,alphabitcoinfund,1026
1893,INDI,token,indicoin,1027
1894,CLD,token,cloud,1028
1895,SGCC,token,super-game-chain,1029
1896,HDLB,token,hodl-bucks,1030
1897,COR,token,corion,1031
1898,PLX,token,plexcoin,1032
1899,GCS,token,gamechain,1033
1900,VLC,token,valuechain,1034
1901,GES,token,galaxy-esolutions,1035
1902,FT,token,fcoin-token,1036
1903,RPL,token,rocket-pool,1037
1904,KWH,token,kwhcoin,1038
1905,CEN,token,coinsuper-ecosystem-network,1039
1906,XTRD,token,xtrd,1040
1907,PASS,token,blockpass,1041
1908,AT,token,abcc-token,1042
1909,UNITY,token,supernet-unity,1043
1910,BIG,token,bigone-token,1044
1911,EDT,token,etherdelta-token,1045
1912,RBLX,token,rublix,1046
1913,CET,token,coinex-token,1047
1914,CHEX,token,chex,1048
1915,LFT,token,linfinity,1049
1916,PWV,token,wavebase,1050
